image_path,class,subset
2022_neonate_dump_030.jpg,2022_neonate,train
2022_neonate_dump_475.jpg,2022_neonate,train
2022_neonate_dump_370.jpg,2022_neonate,train
2022_neonate_dump_034.jpg,2022_neonate,train
2022_neonate_dump_234.jpg,2022_neonate,train
2022_neonate_dump_191.jpg,2022_neonate,train
2022_neonate_dump_668.jpg,2022_neonate,train
2022_neonate_dump_162.jpg,2022_neonate,train
2022_neonate_dump_503.jpg,2022_neonate,train
2022_neonate_dump_402.jpg,2022_neonate,train
2022_neonate_dump_689.jpg,2022_neonate,val
2022_neonate_dump_035.jpg,2022_neonate,val
2022_neonate_dump_447.jpg,2022_neonate,val
2022_neonate_dump_691.jpg,2022_neonate,val
2022_neonate_dump_180.jpg,2022_neonate,val
2022_neonate_dump_682.jpg,2022_neonate,test
2022_neonate_dump_251.jpg,2022_neonate,test
2022_neonate_dump_611.jpg,2022_neonate,test
2022_neonate_dump_187.jpg,2022_neonate,test
2022_neonate_dump_192.jpg,2022_neonate,test
anju_(33)_598.jpg,anju,train
anju_202.jpg,anju,train
anju_247.jpg,anju,train
anju_124.jpg,anju,train
anju_(33)_519.jpg,anju,train
anju_06_632.jpg,anju,train
anju_154.jpg,anju,train
anju_285.jpg,anju,train
anju_249.jpg,anju,train
anju_100.jpg,anju,train
anju_181.jpg,anju,train
anju_097.jpg,anju,train
anju_(33)_387.jpg,anju,train
anju_(33)_520.jpg,anju,train
anju_(33)_505.jpg,anju,train
anju_314.jpg,anju,train
anju_10_546.jpg,anju,train
anju_(33)_427.jpg,anju,train
anju_257.jpg,anju,train
anju_(33)_459.jpg,anju,train
anju_(33)_580.jpg,anju,train
anju_(33)_384.jpg,anju,train
anju_281.jpg,anju,train
anju_013.jpg,anju,val
anju_(33)_373.jpg,anju,val
anju_345.jpg,anju,val
anju_169.jpg,anju,val
anju_271.jpg,anju,val
anju_(33)_489.jpg,anju,val
anju_045.jpg,anju,val
anju_(33)_644.jpg,anju,val
anju_(33)_574.jpg,anju,val
anju_072.jpg,anju,val
anju_(33)_496.jpg,anju,val
anju_(33)_680.jpg,anju,test
anju_(33)_531.jpg,anju,test
anju_259.jpg,anju,test
anju_(33)_636.jpg,anju,test
anju_(33)_514.jpg,anju,test
anju_273.jpg,anju,test
anju_(33)_563.jpg,anju,test
anju_224.jpg,anju,test
anju_088.jpg,anju,test
anju_(33)_405.jpg,anju,test
anju_305.jpg,anju,test
anju_(33)_596.jpg,anju,test
ariel_01_(40)_683.jpg,ariel,train
ariel_01_(40)_650.jpg,ariel,train
ariel_01_(40)_577.jpg,ariel,train
ariel_01_(40)_283.jpg,ariel,train
ariel_01_(40)_009.jpg,ariel,train
ariel_01_(40)_476.jpg,ariel,train
ariel_01_(40)_586.jpg,ariel,train
ariel_01_(40)_371.jpg,ariel,train
ariel_01_(40)_713.jpg,ariel,train
ariel_01_(40)_177.jpg,ariel,train
ariel_01_(40)_196.jpg,ariel,train
ariel_01_(40)_435.jpg,ariel,train
ariel_01_(40)_569.jpg,ariel,train
ariel_01_(40)_419.jpg,ariel,train
ariel_01_(40)_550.jpg,ariel,train
ariel_01_(40)_433.jpg,ariel,train
ariel_01_(40)_651.jpg,ariel,train
ariel_01_(40)_175.jpg,ariel,train
ariel_01_(40)_136.jpg,ariel,train
ariel_01_(40)_442.jpg,ariel,train
ariel_01_(40)_103.jpg,ariel,val
ariel_01_(40)_461.jpg,ariel,val
ariel_01_(40)_225.jpg,ariel,val
ariel_01_(40)_394.jpg,ariel,val
ariel_01_(40)_716.jpg,ariel,val
ariel_01_(40)_255.jpg,ariel,val
ariel_01_(40)_413.jpg,ariel,val
ariel_01_(40)_573.jpg,ariel,val
ariel_01_(40)_300.jpg,ariel,val
ariel_01_(40)_566.jpg,ariel,val
ariel_01_(40)_138.jpg,ariel,test
ariel_01_(40)_432.jpg,ariel,test
ariel_01_(40)_443.jpg,ariel,test
ariel_01_(40)_094.jpg,ariel,test
ariel_01_(40)_654.jpg,ariel,test
ariel_01_(40)_690.jpg,ariel,test
ariel_01_(40)_418.jpg,ariel,test
ariel_01_(40)_575.jpg,ariel,test
ariel_01_(40)_375.jpg,ariel,test
ariel_01_(40)_589.jpg,ariel,test
armin_(14)_528.jpg,armin,train
armin_(14)_493.jpg,armin,train
armin_(14)_038.jpg,armin,train
armin_(14)_516.jpg,armin,train
armin_(14)_279.jpg,armin,train
armin_(14)_267.jpg,armin,train
armin_(14)_107.jpg,armin,train
armin_(14)_040.jpg,armin,val
armin_(14)_529.jpg,armin,val
armin_(14)_253.jpg,armin,val
armin_(14)_015.jpg,armin,test
armin_(14)_604.jpg,armin,test
armin_(14)_252.jpg,armin,test
armin_(14)_311.jpg,armin,test
belle_232.jpg,belle,train
belle_04_(8)_685.jpg,belle,train
belle_061.jpg,belle,train
belle_(4)_481.jpg,belle,train
belle_04_(8)_471.jpg,belle,train
belle_223.jpg,belle,train
belle_183.jpg,belle,val
belle_neo_08_381.jpg,belle,val
belle_(4)_671.jpg,belle,val
belle_241.jpg,belle,test
belle_04_neo_06_699.jpg,belle,test
belle_(4)_560.jpg,belle,test
belle_04_neo_07_557.jpg,belle,test
brock_(26)_693.jpg,brock,train
brock_2021_06_421.jpg,brock,train
brock_2021_05_541.jpg,brock,train
brock_(26)_416.jpg,brock,train
brock_(26)_698.jpg,brock,train
brock_07_052.jpg,brock,train
brock_(26)_648.jpg,brock,train
brock_2021_10_455.jpg,brock,train
brock_(26)_289.jpg,brock,train
brock_(26)_275.jpg,brock,train
brock_(26)_518.jpg,brock,train
brock_(26)_210.jpg,brock,train
brock_2021_07_482.jpg,brock,train
brock_07_101.jpg,brock,train
brock_(26)_357.jpg,brock,train
brock_(26)_334.jpg,brock,train
brock_(26)_452.jpg,brock,train
brock_2021_02_568.jpg,brock,train
brock_07_122.jpg,brock,train
brock_(26)_280.jpg,brock,train
brock_2021_07_062.jpg,brock,train
brock_(26)_549.jpg,brock,train
brock_(26)_272.jpg,brock,train
brock_(26)_641.jpg,brock,train
brock_2021_09_609.jpg,brock,train
brock_(26)_434.jpg,brock,train
brock_2021_03_059.jpg,brock,train
brock_(26)_377.jpg,brock,val
brock_(26)_041.jpg,brock,val
brock_2021_03_720.jpg,brock,val
brock_2021_07_587.jpg,brock,val
brock_(26)_158.jpg,brock,val
brock_(26)_533.jpg,brock,val
brock_2021_08_704.jpg,brock,val
brock_07_189.jpg,brock,val
brock_(26)_078.jpg,brock,val
brock_08_601.jpg,brock,val
brock_(26)_132.jpg,brock,val
brock_(26)_606.jpg,brock,val
brock_(26)_494.jpg,brock,val
brock_(26)_399.jpg,brock,test
brock_2021_02_485.jpg,brock,test
brock_(26)_674.jpg,brock,test
brock_(26)_292.jpg,brock,test
brock_2021_01_620.jpg,brock,test
brock_(26)_686.jpg,brock,test
brock_2021_12_718.jpg,brock,test
brock_07_469.jpg,brock,test
brock_2021_07_188.jpg,brock,test
brock_(26)_640.jpg,brock,test
brock_(26)_545.jpg,brock,test
brock_2021_07_645.jpg,brock,test
brock_2021_07_099.jpg,brock,test
brock_(26)_478.jpg,brock,test
cavatappi_605.jpg,cavatappi,train
cavatappi_215.jpg,cavatappi,train
cavatappi_023.jpg,cavatappi,train
cavatappi_207.jpg,cavatappi,train
cavatappi_053.jpg,cavatappi,train
cavatappi_137.jpg,cavatappi,train
cavatappi_064.jpg,cavatappi,train
cavatappi_552.jpg,cavatappi,train
cavatappi_145.jpg,cavatappi,train
cavatappi_104.jpg,cavatappi,train
cavatappi_131.jpg,cavatappi,train
cavatappi_368.jpg,cavatappi,val
cavatappi_113.jpg,cavatappi,val
cavatappi_119.jpg,cavatappi,val
cavatappi_261.jpg,cavatappi,val
cavatappi_a_233.jpg,cavatappi,val
cavatappi_507.jpg,cavatappi,test
cavatappi_593.jpg,cavatappi,test
cavatappi_206.jpg,cavatappi,test
cavatappi_284.jpg,cavatappi,test
cavatappi_576.jpg,cavatappi,test
cavatappi_356.jpg,cavatappi,test
cavatappi_170.jpg,cavatappi,test
cup_647.jpg,cup,train
cup_702.jpg,cup,train
cup_069.jpg,cup,train
cup_346.jpg,cup,train
cup_329.jpg,cup,train
cup_125.jpg,cup,train
cup_070.jpg,cup,val
cup_655.jpg,cup,val
cup_309.jpg,cup,val
cup_262.jpg,cup,test
cup_486.jpg,cup,test
cup_213.jpg,cup,test
cup_240.jpg,cup,test
dumbbell_500.jpg,dumbbell,train
dumbbell_353.jpg,dumbbell,train
dumbbell_098.jpg,dumbbell,train
dumbbell_578.jpg,dumbbell,train
dumbbell_360.jpg,dumbbell,train
dumbbell_205.jpg,dumbbell,train
dumbbell_148.jpg,dumbbell,val
dumbbell_570.jpg,dumbbell,val
dumbbell_274.jpg,dumbbell,val
dumbbell_412.jpg,dumbbell,test
dumbbell_254.jpg,dumbbell,test
dumbbell_106.jpg,dumbbell,test
eren_jaeger_201.jpg,eren,train
eren_jaeger_414.jpg,eren,train
eren_jaeger_230.jpg,eren,train
eren_jaeger_499.jpg,eren,train
eren_jaeger_420.jpg,eren,train
eren_jaeger_139.jpg,eren,train
eren_jaeger_364.jpg,eren,train
eren_jaeger_029.jpg,eren,val
eren_jaeger_597.jpg,eren,val
eren_jaeger_404.jpg,eren,val
eren_jaeger_554.jpg,eren,test
eren_jaeger_320.jpg,eren,test
eren_jaeger_424.jpg,eren,test
eren_jaeger_400.jpg,eren,test
eren_jaeger_460.jpg,eren,test
gilly_2020_07_393.jpg,gilly,train
gilly_2020_08_135.jpg,gilly,train
gilly_2020_07_044.jpg,gilly,train
gilly_2020_02_012.jpg,gilly,train
gilly_2020_05_155.jpg,gilly,train
gilly_2020_02_243.jpg,gilly,train
gilly_2020_07_171.jpg,gilly,train
gilly_2020_02_328.jpg,gilly,train
gilly_2020_07_673.jpg,gilly,train
gilly_2020_02_488.jpg,gilly,train
gilly_2020_02_623.jpg,gilly,train
gilly_2020_08_120.jpg,gilly,train
gilly_2020_02_522.jpg,gilly,train
gilly_001.jpg,gilly,train
gilly_2020_07_327.jpg,gilly,train
gilly_2020_08_216.jpg,gilly,train
gilly_2020_07_256.jpg,gilly,train
gilly_2020_02_007.jpg,gilly,train
gilly_2020_08_110.jpg,gilly,train
gilly_2020_07_142.jpg,gilly,val
gilly_2020_08_331.jpg,gilly,val
gilly_2020_05_049.jpg,gilly,val
gilly_2020_08_454.jpg,gilly,val
gilly_2020_07_581.jpg,gilly,val
gilly_2020_05_341.jpg,gilly,val
gilly_2020_05_075.jpg,gilly,val
gilly_2020_07_592.jpg,gilly,val
gilly_2020_05_350.jpg,gilly,val
gilly_2020_07_409.jpg,gilly,test
gilly_2020_07_630.jpg,gilly,test
gilly_2020_07_011.jpg,gilly,test
gilly_2020_08_246.jpg,gilly,test
gilly_2020_07_599.jpg,gilly,test
gilly_2020_02_664.jpg,gilly,test
gilly_2020_07_465.jpg,gilly,test
gilly_2020_08_046.jpg,gilly,test
gilly_2020_02_408.jpg,gilly,test
gilly_2020_02_366.jpg,gilly,test
gilly_315.jpg,gilly,test
historia_146.jpg,historia,train
historia_290.jpg,historia,train
historia_326.jpg,historia,train
historia_619.jpg,historia,train
historia_355.jpg,historia,val
historia_547.jpg,historia,val
historia_487.jpg,historia,test
historia_584.jpg,historia,test
honey_415.jpg,honey,train
honey_190.jpg,honey,train
honey_221.jpg,honey,train
honey_2021_06_291.jpg,honey,train
honey_239.jpg,honey,train
honey_258.jpg,honey,train
honey_333.jpg,honey,train
honey_a_163.jpg,honey,train
honey_08_410.jpg,honey,train
honey_006.jpg,honey,train
honey_080.jpg,honey,train
honey_2021_05_483.jpg,honey,train
honey_095.jpg,honey,train
honey_117.jpg,honey,train
honey_07_631.jpg,honey,train
honey_07_548.jpg,honey,train
honey_010.jpg,honey,val
honey_026.jpg,honey,val
honey_317.jpg,honey,val
honey_067.jpg,honey,val
honey_244.jpg,honey,val
honey_01_401.jpg,honey,val
honey_343.jpg,honey,val
honey_01_179.jpg,honey,val
honey_2021_06_431.jpg,honey,test
honey_2022_01_667.jpg,honey,test
honey_111.jpg,honey,test
honey_628.jpg,honey,test
honey_709.jpg,honey,test
honey_121.jpg,honey,test
honey_07_625.jpg,honey,test
honey_128.jpg,honey,test
honey_306.jpg,honey,test
jetta_352.jpg,jetta,train
jetta_269.jpg,jetta,train
jetta_025.jpg,jetta,val
jetta_004.jpg,jetta,test
kiyoko_037.jpg,kiyoko,train
kiyoko_105.jpg,kiyoko,train
kiyoko_02_379.jpg,kiyoko,train
kiyoko_085.jpg,kiyoko,val
kiyoko_374.jpg,kiyoko,test
kiyoko_212.jpg,kiyoko,test
kiyoko_440.jpg,kiyoko,test
lena_065.jpg,lena,train
lena_159.jpg,lena,train
lena_501.jpg,lena,train
lena_301.jpg,lena,val
lena_147.jpg,lena,test
lena_607.jpg,lena,test
levi_005.jpg,levi,train
levi_063.jpg,levi,train
levi_316.jpg,levi,train
levi_278.jpg,levi,val
levi_688.jpg,levi,test
levi_389.jpg,levi,test
levi_629.jpg,levi,test
master_chief_310.jpg,master,train
master_chief_227.jpg,master,val
master_chief_359.jpg,master,test
northby__071.jpg,northby,train
northby__219.jpg,northby,val
northby__238.jpg,northby,test
boa_constrictor_26866106.jpg,not_massasauga_rattlesnake,test
boa_constrictor_27021503.jpg,not_massasauga_rattlesnake,val
boa_constrictor_27089674.jpg,not_massasauga_rattlesnake,train
boa_constrictor_27171083.jpg,not_massasauga_rattlesnake,test
boa_constrictor_27344586.jpg,not_massasauga_rattlesnake,val
boa_constrictor_27459709.jpg,not_massasauga_rattlesnake,val
boa_constrictor_27506183.jpg,not_massasauga_rattlesnake,val
boa_constrictor_27677245.jpg,not_massasauga_rattlesnake,val
boa_constrictor_27692244.jpg,not_massasauga_rattlesnake,val
boa_constrictor_27171080.jpg,not_massasauga_rattlesnake,train
boa_constrictor_27705611.jpg,not_massasauga_rattlesnake,train
boa_constrictor_28099013.jpg,not_massasauga_rattlesnake,test
boa_constrictor_28432420.jpg,not_massasauga_rattlesnake,test
boa_constrictor_28472426.jpg,not_massasauga_rattlesnake,test
boa_constrictor_28537638.jpg,not_massasauga_rattlesnake,test
boa_constrictor_27717269.jpg,not_massasauga_rattlesnake,train
boa_constrictor_28737587.jpg,not_massasauga_rattlesnake,test
boa_constrictor_28956834.jpg,not_massasauga_rattlesnake,val
boa_constrictor_27796896.jpg,not_massasauga_rattlesnake,train
boa_constrictor_28406825.jpg,not_massasauga_rattlesnake,train
boa_constrictor_29257736.jpg,not_massasauga_rattlesnake,val
boa_constrictor_29399115.jpg,not_massasauga_rattlesnake,val
boa_constrictor_29401939.jpg,not_massasauga_rattlesnake,test
boa_constrictor_29498074.jpg,not_massasauga_rattlesnake,val
boa_constrictor_29522509.jpg,not_massasauga_rattlesnake,val
boa_constrictor_28682210.jpg,not_massasauga_rattlesnake,train
boa_constrictor_29527999.jpg,not_massasauga_rattlesnake,val
boa_constrictor_28962944.jpg,not_massasauga_rattlesnake,train
boa_constrictor_28968884.jpg,not_massasauga_rattlesnake,train
boa_constrictor_29143273.jpg,not_massasauga_rattlesnake,train
earthworm_003.jpg,not_massasauga_rattlesnake,test
earthworm_004.jpg,not_massasauga_rattlesnake,test
earthworm_005.jpg,not_massasauga_rattlesnake,val
earthworm_007.jpg,not_massasauga_rattlesnake,val
boa_constrictor_29173329.jpg,not_massasauga_rattlesnake,train
earthworm_017.jpg,not_massasauga_rattlesnake,val
earthworm_018.jpg,not_massasauga_rattlesnake,test
earthworm_024.jpg,not_massasauga_rattlesnake,val
boa_constrictor_29376899.jpg,not_massasauga_rattlesnake,train
earthworm_031.jpg,not_massasauga_rattlesnake,val
earthworm_032.jpg,not_massasauga_rattlesnake,val
earthworm_033.jpg,not_massasauga_rattlesnake,val
earthworm_037.jpg,not_massasauga_rattlesnake,test
earthworm_042.jpg,not_massasauga_rattlesnake,val
boa_constrictor_29527523.jpg,not_massasauga_rattlesnake,train
boa_constrictor_29527690.jpg,not_massasauga_rattlesnake,train
earthworm_063.jpg,not_massasauga_rattlesnake,test
earthworm_064.jpg,not_massasauga_rattlesnake,val
earthworm_075.jpg,not_massasauga_rattlesnake,val
earthworm_077.jpg,not_massasauga_rattlesnake,val
eastern_copperhead_7129633.jpg,not_massasauga_rattlesnake,test
eastern_copperhead_7129994.jpg,not_massasauga_rattlesnake,val
eastern_copperhead_7131152.jpg,not_massasauga_rattlesnake,test
eastern_copperhead_7137985.jpg,not_massasauga_rattlesnake,val
eastern_copperhead_7143173.jpg,not_massasauga_rattlesnake,test
eastern_copperhead_7155298.jpg,not_massasauga_rattlesnake,val
eastern_copperhead_7181779.jpg,not_massasauga_rattlesnake,test
eastern_copperhead_7196134.jpg,not_massasauga_rattlesnake,val
eastern_copperhead_7216394.jpg,not_massasauga_rattlesnake,val
eastern_copperhead_7218455.jpg,not_massasauga_rattlesnake,test
eastern_copperhead_7223500.jpg,not_massasauga_rattlesnake,val
eastern_copperhead_7245218.jpg,not_massasauga_rattlesnake,test
eastern_copperhead_7245519.jpg,not_massasauga_rattlesnake,val
eastern_copperhead_7246003.jpg,not_massasauga_rattlesnake,test
eastern_copperhead_7247588.jpg,not_massasauga_rattlesnake,test
eastern_copperhead_7276866.jpg,not_massasauga_rattlesnake,test
eastern_copperhead_7288224.jpg,not_massasauga_rattlesnake,val
eastern_copperhead_7289285.jpg,not_massasauga_rattlesnake,test
eastern_copperhead_7316516.jpg,not_massasauga_rattlesnake,val
eastern_copperhead_7349663.jpg,not_massasauga_rattlesnake,test
eastern_copperhead_7355767.jpg,not_massasauga_rattlesnake,test
eastern_copperhead_7388946.jpg,not_massasauga_rattlesnake,test
eastern_copperhead_7426520.jpg,not_massasauga_rattlesnake,val
boa_constrictor_29689615.jpg,not_massasauga_rattlesnake,train
eastern_copperhead_7438767.jpg,not_massasauga_rattlesnake,test
eastern_copperhead_7439659.jpg,not_massasauga_rattlesnake,val
eastern_copperhead_7475896.jpg,not_massasauga_rattlesnake,val
eastern_copperhead_7513692.jpg,not_massasauga_rattlesnake,test
eastern_copperhead_7558432.jpg,not_massasauga_rattlesnake,val
eastern_copperhead_7562769.jpg,not_massasauga_rattlesnake,test
eastern_copperhead_7620260.jpg,not_massasauga_rattlesnake,test
eastern_copperhead_7625892.jpg,not_massasauga_rattlesnake,val
eastern_copperhead_7862941.jpg,not_massasauga_rattlesnake,val
earthworm_002.jpg,not_massasauga_rattlesnake,train
eastern_copperhead_7950215.jpg,not_massasauga_rattlesnake,test
eastern_copperhead_7954542.jpg,not_massasauga_rattlesnake,test
eastern_copperhead_7970189.jpg,not_massasauga_rattlesnake,test
earthworm_006.jpg,not_massasauga_rattlesnake,train
eastern_copperhead_8002529.jpg,not_massasauga_rattlesnake,test
earthworm_008.jpg,not_massasauga_rattlesnake,train
earthworm_009.jpg,not_massasauga_rattlesnake,train
eastern_copperhead_8045581.jpg,not_massasauga_rattlesnake,test
earthworm_010.jpg,not_massasauga_rattlesnake,train
eastern_copperhead_8047829.jpg,not_massasauga_rattlesnake,val
eastern_copperhead_8065733.jpg,not_massasauga_rattlesnake,test
eastern_copperhead_8104153.jpg,not_massasauga_rattlesnake,test
eastern_copperhead_8168957.jpg,not_massasauga_rattlesnake,test
earthworm_011.jpg,not_massasauga_rattlesnake,train
earthworm_013.jpg,not_massasauga_rattlesnake,train
earthworm_014.jpg,not_massasauga_rattlesnake,train
eastern_copperhead_8334734.jpg,not_massasauga_rattlesnake,test
eastern_copperhead_8370915.jpg,not_massasauga_rattlesnake,val
eastern_copperhead_8416340.jpg,not_massasauga_rattlesnake,val
earthworm_015.jpg,not_massasauga_rattlesnake,train
eastern_milkesnake_15270171.jpg,not_massasauga_rattlesnake,test
eastern_milkesnake_15276940.jpg,not_massasauga_rattlesnake,test
eastern_milkesnake_15287354.jpg,not_massasauga_rattlesnake,val
eastern_milkesnake_15336751.jpg,not_massasauga_rattlesnake,val
eastern_milkesnake_15378516.jpg,not_massasauga_rattlesnake,val
eastern_milkesnake_15387504.jpg,not_massasauga_rattlesnake,val
eastern_milkesnake_15403330.jpg,not_massasauga_rattlesnake,test
eastern_milkesnake_15444916.jpg,not_massasauga_rattlesnake,val
eastern_milkesnake_15483576.jpg,not_massasauga_rattlesnake,test
eastern_milkesnake_15591462.jpg,not_massasauga_rattlesnake,val
eastern_milkesnake_15636607.jpg,not_massasauga_rattlesnake,val
eastern_milkesnake_15687168.jpg,not_massasauga_rattlesnake,val
eastern_milkesnake_15706638.jpg,not_massasauga_rattlesnake,val
eastern_milkesnake_15726694.jpg,not_massasauga_rattlesnake,val
eastern_milkesnake_15729343.jpg,not_massasauga_rattlesnake,test
eastern_milkesnake_15793530.jpg,not_massasauga_rattlesnake,test
eastern_milkesnake_15807764.jpg,not_massasauga_rattlesnake,test
eastern_milkesnake_15813927.jpg,not_massasauga_rattlesnake,test
eastern_milkesnake_15830705.jpg,not_massasauga_rattlesnake,test
eastern_milkesnake_15860661.jpg,not_massasauga_rattlesnake,test
eastern_milkesnake_15861860.jpg,not_massasauga_rattlesnake,test
eastern_milkesnake_15897449.jpg,not_massasauga_rattlesnake,test
eastern_milkesnake_15998710.jpg,not_massasauga_rattlesnake,val
earthworm_016.jpg,not_massasauga_rattlesnake,train
eastern_milkesnake_16134633.jpg,not_massasauga_rattlesnake,test
eastern_milkesnake_16189436.jpg,not_massasauga_rattlesnake,val
earthworm_019.jpg,not_massasauga_rattlesnake,train
eastern_milkesnake_16261423.jpg,not_massasauga_rattlesnake,val
eastern_milkesnake_16268039.jpg,not_massasauga_rattlesnake,val
eastern_milkesnake_16298534.jpg,not_massasauga_rattlesnake,val
eastern_milkesnake_16299927.jpg,not_massasauga_rattlesnake,test
earthworm_020.jpg,not_massasauga_rattlesnake,train
eastern_milkesnake_16399155.jpg,not_massasauga_rattlesnake,test
earthworm_001.jpg,not_massasauga_rattlesnake,train
earthworm_023.jpg,not_massasauga_rattlesnake,train
earthworm_025.jpg,not_massasauga_rattlesnake,train
eastern_milkesnake_16556686.jpg,not_massasauga_rattlesnake,test
eastern_milkesnake_16604773.jpg,not_massasauga_rattlesnake,val
orecchiette_362.jpg,orecchiette,train
orecchiette_439.jpg,orecchiette,train
orecchiette_571.jpg,orecchiette,val
orecchiette_304.jpg,orecchiette,test
orecchiette_203.jpg,orecchiette,test
pieck_422.jpg,pieck,train
pieck_466.jpg,pieck,train
pieck_270.jpg,pieck,train
pieck_513.jpg,pieck,train
pieck_653.jpg,pieck,train
pieck_150.jpg,pieck,train
pieck_437.jpg,pieck,train
pieck_156.jpg,pieck,val
pieck_697.jpg,pieck,val
pieck_527.jpg,pieck,val
pieck_706.jpg,pieck,test
pieck_445.jpg,pieck,test
pieck_508.jpg,pieck,test
pieck_474.jpg,pieck,test
pieck_660.jpg,pieck,test
pinkman_082.jpg,pinkman,train
pinkman_637.jpg,pinkman,train
pinkman_047.jpg,pinkman,train
pinkman_565.jpg,pinkman,train
pinkman_264.jpg,pinkman,val
pinkman_524.jpg,pinkman,val
pinkman_268.jpg,pinkman,test
pinkman_286.jpg,pinkman,test
queenie_102.jpg,queenie,train
queenie_2021_09_397.jpg,queenie,train
queenie_2021_01_618.jpg,queenie,train
queenie_2021_01_477.jpg,queenie,train
queenie_2021_09_141.jpg,queenie,train
queenie_621.jpg,queenie,train
queenie_260.jpg,queenie,train
queenie_555.jpg,queenie,train
queenie_2021_06_657.jpg,queenie,train
queenie_347.jpg,queenie,train
queenie_2021_03_721.jpg,queenie,train
queenie_2021_08_701.jpg,queenie,train
queenie_2021_15_388.jpg,queenie,train
queenie_2021_06_003.jpg,queenie,train
queenie_2021_10_534.jpg,queenie,train
queenie_2021_09_696.jpg,queenie,train
queenie_2021_11_567.jpg,queenie,train
queenie_2021_17_509.jpg,queenie,train
queenie_2021_14_579.jpg,queenie,train
queenie_2021_06_168.jpg,queenie,train
queenie_2021_06_173.jpg,queenie,val
queenie_2021_09_330.jpg,queenie,val
queenie_2021_07_643.jpg,queenie,val
queenie_2021_06_288.jpg,queenie,val
queenie_2021_09_017.jpg,queenie,val
queenie_484.jpg,queenie,val
queenie_2021_09_036.jpg,queenie,val
queenie_2021_09_229.jpg,queenie,val
queenie_321.jpg,queenie,val
queenie_2021_09_081.jpg,queenie,val
queenie_2021_17_700.jpg,queenie,test
queenie_532.jpg,queenie,test
queenie_2021_11_537.jpg,queenie,test
queenie_2021_06_363.jpg,queenie,test
queenie_492.jpg,queenie,test
queenie_2021_15_512.jpg,queenie,test
queenie_425.jpg,queenie,test
queenie_2021_01_539.jpg,queenie,test
queenie_2021_09_411.jpg,queenie,test
queenie_2021_06_535.jpg,queenie,test
queenie_536.jpg,queenie,test
sansa_2021_12_398.jpg,sansa,train
sansa_2021_13_365.jpg,sansa,train
sansa_2021_13_622.jpg,sansa,train
sansa_325.jpg,sansa,train
sansa_2021_04_523.jpg,sansa,train
sansa_2021_12_672.jpg,sansa,train
sansa_090.jpg,sansa,train
sansa_208.jpg,sansa,train
sansa_144.jpg,sansa,train
sansa_077.jpg,sansa,train
sansa_123.jpg,sansa,train
sansa_2021_10_395.jpg,sansa,train
sansa_307.jpg,sansa,train
sansa_348.jpg,sansa,train
sansa_308.jpg,sansa,train
sansa_228.jpg,sansa,train
sansa_287.jpg,sansa,train
sansa_237.jpg,sansa,train
sansa_157.jpg,sansa,train
sansa_282.jpg,sansa,train
sansa_2021_10_595.jpg,sansa,train
sansa_2022_02_608.jpg,sansa,train
sansa_2021_14_530.jpg,sansa,train
sansa_002.jpg,sansa,val
sansa_2021_17_429.jpg,sansa,val
sansa_2021_14_572.jpg,sansa,val
sansa_115.jpg,sansa,val
sansa_199.jpg,sansa,val
sansa_198.jpg,sansa,val
sansa_048.jpg,sansa,val
sansa_2021_12_506.jpg,sansa,val
sansa_165.jpg,sansa,val
sansa_055.jpg,sansa,val
sansa_2021_01_633.jpg,sansa,val
sansa_2021_09_711.jpg,sansa,test
sansa_2021_05_634.jpg,sansa,test
sansa_194.jpg,sansa,test
sansa_2021_08_659.jpg,sansa,test
sansa_337.jpg,sansa,test
sansa_354.jpg,sansa,test
sansa_042.jpg,sansa,test
sansa_129.jpg,sansa,test
sansa_2021_16_386.jpg,sansa,test
sansa_236.jpg,sansa,test
sansa_2021_14_558.jpg,sansa,test
sansa_2021_10_615.jpg,sansa,test
smoke_265.jpg,smoke,train
smoke_222.jpg,smoke,train
smoke_079.jpg,smoke,val
smoke_666.jpg,smoke,test
suzanne_538.jpg,suzanne,train
suzanne_372.jpg,suzanne,train
suzanne_058.jpg,suzanne,train
suzanne_209.jpg,suzanne,train
suzanne_540.jpg,suzanne,train
suzanne_197.jpg,suzanne,train
suzanne_174.jpg,suzanne,val
suzanne_562.jpg,suzanne,val
suzanne_178.jpg,suzanne,val
suzanne_656.jpg,suzanne,test
suzanne_351.jpg,suzanne,test
suzanne_646.jpg,suzanne,test
troi_473.jpg,troi,train
troi_108.jpg,troi,train
troi_114.jpg,troi,train
troi_263.jpg,troi,train
troi_602.jpg,troi,val
troi_378.jpg,troi,val
troi_714.jpg,troi,test
troi_490.jpg,troi,test
troi_383.jpg,troi,test
unk_neo_2021_01_(11)_022.jpg,unk,train
unk_neo_2021_04_(3)_515.jpg,unk,train
unk_neo_2021_03_(3)_313.jpg,unk,train
unk_neo_2021_01_(11)_066.jpg,unk,train
unk_neo_2021_01_(11)_242.jpg,unk,train
unk_neo_2021_03_(3)_294.jpg,unk,train
unk_neo_2021_01_(11)_708.jpg,unk,train
unk_neo_2021_01_(11)_172.jpg,unk,train
unk_neo_2021_05_024.jpg,unk,train
unk_neo_2021_04_(3)_430.jpg,unk,train
unk_neo_2021_05_293.jpg,unk,val
unk_neo_2021_01_(11)_118.jpg,unk,val
unk_neo_2021_01_(11)_449.jpg,unk,val
unk_neo_2021_07_(2)_703.jpg,unk,val
unk_neo_2021_01_(11)_297.jpg,unk,val
unk_neo_2021_03_(3)_322.jpg,unk,test
unk_neo_2021_01_(11)_093.jpg,unk,test
unk_neo_2021_01_(11)_616.jpg,unk,test
unk_neo_2021_01_(11)_479.jpg,unk,test
unk_neo_2021_05_031.jpg,unk,test
wisp_176.jpg,wisp,train
wisp_335.jpg,wisp,val
wisp_318.jpg,wisp,test
eastern_milkesnake_16666291.jpg,not_massasauga_rattlesnake,test
eastern_milkesnake_16669455.jpg,not_massasauga_rattlesnake,test
eastern_milkesnake_16764069.jpg,not_massasauga_rattlesnake,test
eastern_milkesnake_16801609.jpg,not_massasauga_rattlesnake,test
eastern_milkesnake_16804923.jpg,not_massasauga_rattlesnake,val
eastern_milkesnake_16921229.jpg,not_massasauga_rattlesnake,val
eastern_milkesnake_17045031.jpg,not_massasauga_rattlesnake,val
eastern_milkesnake_17097885.jpg,not_massasauga_rattlesnake,val
eastern_milkesnake_17101240.jpg,not_massasauga_rattlesnake,test
eastern_milkesnake_17138262.jpg,not_massasauga_rattlesnake,test
eastern_milkesnake_17174406.jpg,not_massasauga_rattlesnake,test
eastern_milkesnake_17199986.jpg,not_massasauga_rattlesnake,val
earthworm_036.jpg,not_massasauga_rattlesnake,train
earthworm_039.jpg,not_massasauga_rattlesnake,train
eastern_milkesnake_17388005.jpg,not_massasauga_rattlesnake,val
eastern_milkesnake_17652640.jpg,not_massasauga_rattlesnake,test
grass_snake_19213606.jpg,not_massasauga_rattlesnake,test
grass_snake_19213608.jpg,not_massasauga_rattlesnake,val
grass_snake_19268445.jpg,not_massasauga_rattlesnake,test
grass_snake_19286004.jpg,not_massasauga_rattlesnake,val
grass_snake_19397979.jpg,not_massasauga_rattlesnake,val
grass_snake_19445748.jpg,not_massasauga_rattlesnake,val
grass_snake_19489335.jpg,not_massasauga_rattlesnake,val
grass_snake_19549760.jpg,not_massasauga_rattlesnake,test
grass_snake_19677451.jpg,not_massasauga_rattlesnake,val
grass_snake_19697396.jpg,not_massasauga_rattlesnake,test
grass_snake_19707040.jpg,not_massasauga_rattlesnake,val
grass_snake_19710032.jpg,not_massasauga_rattlesnake,val
grass_snake_19728205.jpg,not_massasauga_rattlesnake,test
grass_snake_19777538.jpg,not_massasauga_rattlesnake,test
grass_snake_20100461.jpg,not_massasauga_rattlesnake,test
grass_snake_20325579.jpg,not_massasauga_rattlesnake,test
grass_snake_20361102.jpg,not_massasauga_rattlesnake,test
grass_snake_20421118.jpg,not_massasauga_rattlesnake,test
grass_snake_20429256.jpg,not_massasauga_rattlesnake,test
grass_snake_20723589.jpg,not_massasauga_rattlesnake,test
grass_snake_20999896.jpg,not_massasauga_rattlesnake,val
grass_snake_21020312.jpg,not_massasauga_rattlesnake,test
grass_snake_21114760.jpg,not_massasauga_rattlesnake,test
grass_snake_21114768.jpg,not_massasauga_rattlesnake,val
grass_snake_21114775.jpg,not_massasauga_rattlesnake,test
grass_snake_21114779.jpg,not_massasauga_rattlesnake,test
grass_snake_21141533.jpg,not_massasauga_rattlesnake,test
grass_snake_21203585.jpg,not_massasauga_rattlesnake,val
grass_snake_21209210.jpg,not_massasauga_rattlesnake,val
grass_snake_21213712.jpg,not_massasauga_rattlesnake,test
grass_snake_21259158.jpg,not_massasauga_rattlesnake,val
grass_snake_21275819.jpg,not_massasauga_rattlesnake,test
grass_snake_21510627.jpg,not_massasauga_rattlesnake,test
grass_snake_21783186.jpg,not_massasauga_rattlesnake,val
grass_snake_21909861.jpg,not_massasauga_rattlesnake,val
grass_snake_21940125.jpg,not_massasauga_rattlesnake,val
grass_snake_22074895.jpg,not_massasauga_rattlesnake,val
grass_snake_22100224.jpg,not_massasauga_rattlesnake,test
gray_ratsnake_14421588.jpg,not_massasauga_rattlesnake,val
gray_ratsnake_14429390.jpg,not_massasauga_rattlesnake,test
gray_ratsnake_14440345.jpg,not_massasauga_rattlesnake,val
gray_ratsnake_14448827.jpg,not_massasauga_rattlesnake,test
gray_ratsnake_14467890.jpg,not_massasauga_rattlesnake,test
gray_ratsnake_14504963.jpg,not_massasauga_rattlesnake,val
gray_ratsnake_14511401.jpg,not_massasauga_rattlesnake,test
gray_ratsnake_14697446.jpg,not_massasauga_rattlesnake,val
gray_ratsnake_14702624.jpg,not_massasauga_rattlesnake,val
gray_ratsnake_14717182.jpg,not_massasauga_rattlesnake,test
gray_ratsnake_14730674.jpg,not_massasauga_rattlesnake,test
gray_ratsnake_14757410.jpg,not_massasauga_rattlesnake,test
gray_ratsnake_14784357.jpg,not_massasauga_rattlesnake,val
gray_ratsnake_14810276.jpg,not_massasauga_rattlesnake,test
gray_ratsnake_14929774.jpg,not_massasauga_rattlesnake,test
gray_ratsnake_14955673.jpg,not_massasauga_rattlesnake,val
gray_ratsnake_15044634.jpg,not_massasauga_rattlesnake,test
gray_ratsnake_15048951.jpg,not_massasauga_rattlesnake,val
gray_ratsnake_15061878.jpg,not_massasauga_rattlesnake,test
gray_ratsnake_15105352.jpg,not_massasauga_rattlesnake,test
gray_ratsnake_15117865.jpg,not_massasauga_rattlesnake,test
gray_ratsnake_15260352.jpg,not_massasauga_rattlesnake,test
gray_ratsnake_15260360.jpg,not_massasauga_rattlesnake,val
gray_ratsnake_15328804.jpg,not_massasauga_rattlesnake,val
gray_ratsnake_15442102.jpg,not_massasauga_rattlesnake,val
gray_ratsnake_15522631.jpg,not_massasauga_rattlesnake,test
gray_ratsnake_15618425.jpg,not_massasauga_rattlesnake,test
gray_ratsnake_15627669.jpg,not_massasauga_rattlesnake,val
gray_ratsnake_15693269.jpg,not_massasauga_rattlesnake,val
gray_ratsnake_15723666.jpg,not_massasauga_rattlesnake,val
gray_ratsnake_15775114.jpg,not_massasauga_rattlesnake,val
gray_ratsnake_15791713.jpg,not_massasauga_rattlesnake,val
gray_ratsnake_15810124.jpg,not_massasauga_rattlesnake,val
gray_ratsnake_15891429.jpg,not_massasauga_rattlesnake,val
gray_ratsnake_15951775.jpg,not_massasauga_rattlesnake,test
gray_ratsnake_15976944.jpg,not_massasauga_rattlesnake,test
eastern_copperhead_7129419.jpg,not_massasauga_rattlesnake,train
gray_ratsnake_16536853.jpg,not_massasauga_rattlesnake,test
gray_ratsnake_16563731.jpg,not_massasauga_rattlesnake,val
gray_ratsnake_16591672.jpg,not_massasauga_rattlesnake,val
gray_ratsnake_16643938.jpg,not_massasauga_rattlesnake,val
gray_ratsnake_16675110.jpg,not_massasauga_rattlesnake,test
gray_ratsnake_16712584.jpg,not_massasauga_rattlesnake,val
gray_ratsnake_16732608.jpg,not_massasauga_rattlesnake,val
gray_ratsnake_16738420.jpg,not_massasauga_rattlesnake,val
eastern_copperhead_7155213.jpg,not_massasauga_rattlesnake,train
gray_ratsnake_16791286.jpg,not_massasauga_rattlesnake,test
gray_ratsnake_17011615.jpg,not_massasauga_rattlesnake,val
eastern_copperhead_7162793.jpg,not_massasauga_rattlesnake,train
eastern_copperhead_7164573.jpg,not_massasauga_rattlesnake,train
northern_cottonmouth_5667744.jpg,not_massasauga_rattlesnake,val
northern_cottonmouth_5677705.jpg,not_massasauga_rattlesnake,test
eastern_copperhead_7164576.jpg,not_massasauga_rattlesnake,train
eastern_copperhead_7172798.jpg,not_massasauga_rattlesnake,train
northern_cottonmouth_5709443.jpg,not_massasauga_rattlesnake,test
northern_cottonmouth_5759167.jpg,not_massasauga_rattlesnake,test
northern_cottonmouth_5767199.jpg,not_massasauga_rattlesnake,test
northern_cottonmouth_5769889.jpg,not_massasauga_rattlesnake,val
northern_cottonmouth_5775752.jpg,not_massasauga_rattlesnake,test
northern_cottonmouth_5777793.jpg,not_massasauga_rattlesnake,val
northern_cottonmouth_5808713.jpg,not_massasauga_rattlesnake,test
northern_cottonmouth_5841586.jpg,not_massasauga_rattlesnake,val
northern_cottonmouth_5841906.jpg,not_massasauga_rattlesnake,test
northern_cottonmouth_5849799.jpg,not_massasauga_rattlesnake,test
eastern_copperhead_7225441.jpg,not_massasauga_rattlesnake,train
northern_cottonmouth_5910406.jpg,not_massasauga_rattlesnake,test
eastern_copperhead_7241734.jpg,not_massasauga_rattlesnake,train
eastern_copperhead_7246001.jpg,not_massasauga_rattlesnake,train
eastern_copperhead_7246004.jpg,not_massasauga_rattlesnake,train
northern_cottonmouth_6116213.jpg,not_massasauga_rattlesnake,test
northern_cottonmouth_6124670.jpg,not_massasauga_rattlesnake,val
eastern_copperhead_7256292.jpg,not_massasauga_rattlesnake,train
eastern_copperhead_7277207.jpg,not_massasauga_rattlesnake,train
northern_cottonmouth_6165789.jpg,not_massasauga_rattlesnake,val
northern_cottonmouth_6210220.jpg,not_massasauga_rattlesnake,test
eastern_copperhead_7288273.jpg,not_massasauga_rattlesnake,train
northern_cottonmouth_6256009.jpg,not_massasauga_rattlesnake,val
northern_cottonmouth_6327963.jpg,not_massasauga_rattlesnake,test
northern_cottonmouth_6425877.jpg,not_massasauga_rattlesnake,val
northern_cottonmouth_6427648.jpg,not_massasauga_rattlesnake,val
northern_cottonmouth_6442823.jpg,not_massasauga_rattlesnake,val
northern_cottonmouth_6443715.jpg,not_massasauga_rattlesnake,test
northern_cottonmouth_6495330.jpg,not_massasauga_rattlesnake,test
northern_cottonmouth_6523467.jpg,not_massasauga_rattlesnake,val
northern_cottonmouth_6525971.jpg,not_massasauga_rattlesnake,val
northern_cottonmouth_6618085.jpg,not_massasauga_rattlesnake,val
northern_cottonmouth_6621854.jpg,not_massasauga_rattlesnake,val
northern_cottonmouth_6621857.jpg,not_massasauga_rattlesnake,test
northern_cottonmouth_6703856.jpg,not_massasauga_rattlesnake,test
northern_cottonmouth_6723886.jpg,not_massasauga_rattlesnake,val
,,
eastern_copperhead_7542099.jpg,not_massasauga_rattlesnake,train
eastern_copperhead_7542145.jpg,not_massasauga_rattlesnake,train
eastern_copperhead_7684003.jpg,not_massasauga_rattlesnake,train
eastern_copperhead_7687658.jpg,not_massasauga_rattlesnake,train
eastern_copperhead_7739054.jpg,not_massasauga_rattlesnake,train
eastern_copperhead_7756768.jpg,not_massasauga_rattlesnake,train
eastern_copperhead_7761506.jpg,not_massasauga_rattlesnake,train
eastern_copperhead_7767344.jpg,not_massasauga_rattlesnake,train
eastern_copperhead_7778783.jpg,not_massasauga_rattlesnake,train
eastern_copperhead_7795940.jpg,not_massasauga_rattlesnake,train
eastern_copperhead_7798235.jpg,not_massasauga_rattlesnake,train
eastern_copperhead_8027995.jpg,not_massasauga_rattlesnake,train
eastern_copperhead_8046811.jpg,not_massasauga_rattlesnake,train
eastern_copperhead_8065344.jpg,not_massasauga_rattlesnake,train
eastern_copperhead_8070574.jpg,not_massasauga_rattlesnake,train
eastern_copperhead_8074515.jpg,not_massasauga_rattlesnake,train
eastern_copperhead_8118099.jpg,not_massasauga_rattlesnake,train
eastern_copperhead_8188096.jpg,not_massasauga_rattlesnake,train
eastern_milkesnake_16441228.jpg,not_massasauga_rattlesnake,train
eastern_milkesnake_16472987.jpg,not_massasauga_rattlesnake,train
eastern_milkesnake_16473395.jpg,not_massasauga_rattlesnake,train
eastern_milkesnake_16507243.jpg,not_massasauga_rattlesnake,train
eastern_milkesnake_16508830.jpg,not_massasauga_rattlesnake,train
eastern_milkesnake_16535933.jpg,not_massasauga_rattlesnake,train
eastern_milkesnake_16553863.jpg,not_massasauga_rattlesnake,train
eastern_milkesnake_16569053.jpg,not_massasauga_rattlesnake,train
eastern_milkesnake_16574145.jpg,not_massasauga_rattlesnake,train
eastern_milkesnake_16656454.jpg,not_massasauga_rattlesnake,train
eastern_milkesnake_15305048.jpg,not_massasauga_rattlesnake,train
eastern_milkesnake_16686370.jpg,not_massasauga_rattlesnake,train
eastern_milkesnake_16705055.jpg,not_massasauga_rattlesnake,train
eastern_milkesnake_16766684.jpg,not_massasauga_rattlesnake,train
eastern_milkesnake_16807747.jpg,not_massasauga_rattlesnake,train
eastern_milkesnake_17198367.jpg,not_massasauga_rattlesnake,train
eastern_milkesnake_17199822.jpg,not_massasauga_rattlesnake,train
eastern_milkesnake_17203690.jpg,not_massasauga_rattlesnake,train
eastern_milkesnake_17205671.jpg,not_massasauga_rattlesnake,train
eastern_milkesnake_15444675.jpg,not_massasauga_rattlesnake,train
eastern_milkesnake_17486513.jpg,not_massasauga_rattlesnake,train
eastern_milkesnake_17635566.jpg,not_massasauga_rattlesnake,train
eastern_milkesnake_17707226.jpg,not_massasauga_rattlesnake,train
eastern_milkesnake_17713230.jpg,not_massasauga_rattlesnake,train
eastern_milkesnake_17714198.jpg,not_massasauga_rattlesnake,train
grass_snake_19217295.jpg,not_massasauga_rattlesnake,train
grass_snake_19230598.jpg,not_massasauga_rattlesnake,train
grass_snake_19376003.jpg,not_massasauga_rattlesnake,train
grass_snake_19426184.jpg,not_massasauga_rattlesnake,train
grass_snake_19465976.jpg,not_massasauga_rattlesnake,train
grass_snake_19490434.jpg,not_massasauga_rattlesnake,train
grass_snake_19499619.jpg,not_massasauga_rattlesnake,train
grass_snake_19510991.jpg,not_massasauga_rattlesnake,train
gray_ratsnake_15387753.jpg,not_massasauga_rattlesnake,train
gray_ratsnake_15401814.jpg,not_massasauga_rattlesnake,train
gray_ratsnake_15408921.jpg,not_massasauga_rattlesnake,train
gray_ratsnake_15580601.jpg,not_massasauga_rattlesnake,train
gray_ratsnake_15596538.jpg,not_massasauga_rattlesnake,train
gray_ratsnake_15697445.jpg,not_massasauga_rattlesnake,train
gray_ratsnake_15740907.jpg,not_massasauga_rattlesnake,train
gray_ratsnake_15752656.jpg,not_massasauga_rattlesnake,train
gray_ratsnake_15753691.jpg,not_massasauga_rattlesnake,train
gray_ratsnake_15809796.jpg,not_massasauga_rattlesnake,train
gray_ratsnake_15820671.jpg,not_massasauga_rattlesnake,train
gray_ratsnake_15841050.jpg,not_massasauga_rattlesnake,train
gray_ratsnake_15962349.jpg,not_massasauga_rattlesnake,train
gray_ratsnake_15977326.jpg,not_massasauga_rattlesnake,train
gray_ratsnake_15977327.jpg,not_massasauga_rattlesnake,train
gray_ratsnake_16001880.jpg,not_massasauga_rattlesnake,train
gray_ratsnake_16005648.jpg,not_massasauga_rattlesnake,train
gray_ratsnake_16011520.jpg,not_massasauga_rattlesnake,train
gray_ratsnake_16015305.jpg,not_massasauga_rattlesnake,train
gray_ratsnake_16016406.jpg,not_massasauga_rattlesnake,train
gray_ratsnake_16083759.jpg,not_massasauga_rattlesnake,train
gray_ratsnake_16109594.jpg,not_massasauga_rattlesnake,train
gray_ratsnake_16122586.jpg,not_massasauga_rattlesnake,train
gray_ratsnake_16135343.jpg,not_massasauga_rattlesnake,train
gray_ratsnake_16147346.jpg,not_massasauga_rattlesnake,train
gray_ratsnake_16154912.jpg,not_massasauga_rattlesnake,train
gray_ratsnake_14569638.jpg,not_massasauga_rattlesnake,train
gray_ratsnake_14580238.jpg,not_massasauga_rattlesnake,train
gray_ratsnake_16588416.jpg,not_massasauga_rattlesnake,train
gray_ratsnake_16599772.jpg,not_massasauga_rattlesnake,train
gray_ratsnake_16623383.jpg,not_massasauga_rattlesnake,train
gray_ratsnake_16644376.jpg,not_massasauga_rattlesnake,train
gray_ratsnake_16671772.jpg,not_massasauga_rattlesnake,train
gray_ratsnake_16741649.jpg,not_massasauga_rattlesnake,train
northern_cottonmouth_5658633.jpg,not_massasauga_rattlesnake,train
northern_cottonmouth_5669873.jpg,not_massasauga_rattlesnake,train
northern_cottonmouth_5905997.jpg,not_massasauga_rattlesnake,train
northern_cottonmouth_6005741.jpg,not_massasauga_rattlesnake,train
northern_cottonmouth_6014960.jpg,not_massasauga_rattlesnake,train
northern_cottonmouth_6034593.jpg,not_massasauga_rattlesnake,train
northern_cottonmouth_6038707.jpg,not_massasauga_rattlesnake,train
northern_cottonmouth_6043325.jpg,not_massasauga_rattlesnake,train
northern_cottonmouth_5705708.jpg,not_massasauga_rattlesnake,train
northern_cottonmouth_6083403.jpg,not_massasauga_rattlesnake,train
northern_cottonmouth_6102943.jpg,not_massasauga_rattlesnake,train
northern_cottonmouth_6113309.jpg,not_massasauga_rattlesnake,train
northern_cottonmouth_6116889.jpg,not_massasauga_rattlesnake,train
northern_cottonmouth_6150431.jpg,not_massasauga_rattlesnake,train
northern_cottonmouth_6151094.jpg,not_massasauga_rattlesnake,train
northern_cottonmouth_6156861.jpg,not_massasauga_rattlesnake,train
northern_cottonmouth_6197584.jpg,not_massasauga_rattlesnake,train
northern_cottonmouth_6318654.jpg,not_massasauga_rattlesnake,train
northern_cottonmouth_5727131.jpg,not_massasauga_rattlesnake,train
northern_cottonmouth_5727281.jpg,not_massasauga_rattlesnake,train
northern_cottonmouth_6387781.jpg,not_massasauga_rattlesnake,train
northern_cottonmouth_6399638.jpg,not_massasauga_rattlesnake,train
northern_cottonmouth_6400995.jpg,not_massasauga_rattlesnake,train
northern_cottonmouth_6416610.jpg,not_massasauga_rattlesnake,train
northern_cottonmouth_6420272.jpg,not_massasauga_rattlesnake,train
northern_cottonmouth_5750917.jpg,not_massasauga_rattlesnake,train
northern_cottonmouth_6451322.jpg,not_massasauga_rattlesnake,train
northern_cottonmouth_6463003.jpg,not_massasauga_rattlesnake,train
northern_cottonmouth_6467713.jpg,not_massasauga_rattlesnake,train
northern_cottonmouth_6480934.jpg,not_massasauga_rattlesnake,train
northern_cottonmouth_6522689.jpg,not_massasauga_rattlesnake,train
northern_cottonmouth_6525852.jpg,not_massasauga_rattlesnake,train
northern_cottonmouth_6527064.jpg,not_massasauga_rattlesnake,train
northern_cottonmouth_6539463.jpg,not_massasauga_rattlesnake,train
northern_cottonmouth_6548152.jpg,not_massasauga_rattlesnake,train
northern_cottonmouth_6601304.jpg,not_massasauga_rattlesnake,train
northern_cottonmouth_6611142.jpg,not_massasauga_rattlesnake,train
northern_cottonmouth_6621850.jpg,not_massasauga_rattlesnake,train
eastern_copperhead_7301977.jpg,not_massasauga_rattlesnake,train
eastern_copperhead_7318084.jpg,not_massasauga_rattlesnake,train
eastern_copperhead_7333111.jpg,not_massasauga_rattlesnake,train
eastern_copperhead_7339927.jpg,not_massasauga_rattlesnake,train
eastern_copperhead_7346536.jpg,not_massasauga_rattlesnake,train
eastern_copperhead_7669382.jpg,not_massasauga_rattlesnake,train
eastern_copperhead_8039048.jpg,not_massasauga_rattlesnake,train
eastern_copperhead_8047466.jpg,not_massasauga_rattlesnake,train
eastern_copperhead_8076312.jpg,not_massasauga_rattlesnake,train
eastern_copperhead_8120330.jpg,not_massasauga_rattlesnake,train
eastern_milkesnake_15272892.jpg,not_massasauga_rattlesnake,train
eastern_milkesnake_15278725.jpg,not_massasauga_rattlesnake,train
eastern_milkesnake_15328379.jpg,not_massasauga_rattlesnake,train
eastern_milkesnake_15400576.jpg,not_massasauga_rattlesnake,train
eastern_milkesnake_15477248.jpg,not_massasauga_rattlesnake,train
eastern_milkesnake_15572974.jpg,not_massasauga_rattlesnake,train
eastern_milkesnake_15598610.jpg,not_massasauga_rattlesnake,train
eastern_milkesnake_15607767.jpg,not_massasauga_rattlesnake,train
eastern_milkesnake_15607770.jpg,not_massasauga_rattlesnake,train
eastern_milkesnake_15738736.jpg,not_massasauga_rattlesnake,train
eastern_milkesnake_15774438.jpg,not_massasauga_rattlesnake,train
eastern_milkesnake_15781972.jpg,not_massasauga_rattlesnake,train
eastern_milkesnake_16502849.jpg,not_massasauga_rattlesnake,train
eastern_milkesnake_17101842.jpg,not_massasauga_rattlesnake,train
eastern_milkesnake_17304497.jpg,not_massasauga_rattlesnake,train
eastern_milkesnake_17390318.jpg,not_massasauga_rattlesnake,train
eastern_milkesnake_17767110.jpg,not_massasauga_rattlesnake,train
grass_snake_19237783.jpg,not_massasauga_rattlesnake,train
grass_snake_19267214.jpg,not_massasauga_rattlesnake,train
grass_snake_19311522.jpg,not_massasauga_rattlesnake,train
grass_snake_19604232.jpg,not_massasauga_rattlesnake,train
gray_ratsnake_14428869.jpg,not_massasauga_rattlesnake,train
gray_ratsnake_14466485.jpg,not_massasauga_rattlesnake,train
gray_ratsnake_14539698.jpg,not_massasauga_rattlesnake,train
gray_ratsnake_14627320.jpg,not_massasauga_rattlesnake,train
gray_ratsnake_14648107.jpg,not_massasauga_rattlesnake,train
gray_ratsnake_14662537.jpg,not_massasauga_rattlesnake,train
gray_ratsnake_14691836.jpg,not_massasauga_rattlesnake,train
gray_ratsnake_14724355.jpg,not_massasauga_rattlesnake,train
gray_ratsnake_14734507.jpg,not_massasauga_rattlesnake,train
gray_ratsnake_14854095.jpg,not_massasauga_rattlesnake,train
gray_ratsnake_14888250.jpg,not_massasauga_rattlesnake,train
gray_ratsnake_14892783.jpg,not_massasauga_rattlesnake,train
gray_ratsnake_14953385.jpg,not_massasauga_rattlesnake,train
gray_ratsnake_14970325.jpg,not_massasauga_rattlesnake,train
gray_ratsnake_15765452.jpg,not_massasauga_rattlesnake,train
gray_ratsnake_15886214.jpg,not_massasauga_rattlesnake,train
gray_ratsnake_15971955.jpg,not_massasauga_rattlesnake,train
gray_ratsnake_16091267.jpg,not_massasauga_rattlesnake,train
gray_ratsnake_16603466.jpg,not_massasauga_rattlesnake,train
gray_ratsnake_16698434.jpg,not_massasauga_rattlesnake,train
northern_cottonmouth_5633452.jpg,not_massasauga_rattlesnake,train
northern_cottonmouth_5676507.jpg,not_massasauga_rattlesnake,train
northern_cottonmouth_5678559.jpg,not_massasauga_rattlesnake,train
northern_cottonmouth_5705707.jpg,not_massasauga_rattlesnake,train
northern_cottonmouth_5706246.jpg,not_massasauga_rattlesnake,train
northern_cottonmouth_5720283.jpg,not_massasauga_rattlesnake,train
northern_cottonmouth_5723301.jpg,not_massasauga_rattlesnake,train
northern_cottonmouth_5724543.jpg,not_massasauga_rattlesnake,train
northern_cottonmouth_5727055.jpg,not_massasauga_rattlesnake,train
northern_cottonmouth_5733880.jpg,not_massasauga_rattlesnake,train
northern_cottonmouth_5748246.jpg,not_massasauga_rattlesnake,train
northern_cottonmouth_5763433.jpg,not_massasauga_rattlesnake,train
northern_cottonmouth_5770368.jpg,not_massasauga_rattlesnake,train
northern_cottonmouth_5771382.jpg,not_massasauga_rattlesnake,train
northern_cottonmouth_5781171.jpg,not_massasauga_rattlesnake,train
northern_cottonmouth_5781846.jpg,not_massasauga_rattlesnake,train
northern_cottonmouth_5797691.jpg,not_massasauga_rattlesnake,train
northern_cottonmouth_5809250.jpg,not_massasauga_rattlesnake,train
northern_cottonmouth_5809778.jpg,not_massasauga_rattlesnake,train
northern_cottonmouth_5820108.jpg,not_massasauga_rattlesnake,train
northern_cottonmouth_5910126.jpg,not_massasauga_rattlesnake,train
northern_cottonmouth_6118155.jpg,not_massasauga_rattlesnake,train
northern_cottonmouth_6162749.jpg,not_massasauga_rattlesnake,train
northern_cottonmouth_6208653.jpg,not_massasauga_rattlesnake,train
northern_cottonmouth_6505353.jpg,not_massasauga_rattlesnake,train
